"","Model","train","test"
"1",NA,NA,NA
"2","age_only","0.74595 [0.7378,0.75409]","0.75138 [0.73556,0.76721]"
"3","UKBDRS_LASSO","0.7711 [0.76333,0.77888]","0.77259 [0.75739,0.78779]"
"4","UKBDRS_APOE_LASSO","0.80345 [0.79451,0.81239]","0.80465 [0.78785,0.82146]"
"5","CAIDE","0.58342 [0.57405,0.59279]","0.59007 [0.57174,0.6084]"
"6","DRS","0.74515 [0.73701,0.75328]","0.74531 [0.72941,0.76122]"
"7","ANU_ADRI","0.5748 [0.56492,0.58469]","0.57241 [0.55274,0.59209]"
