"","model","reference","delta.AUC","lower","upper","p","p_fdr"
"1","drs","ukbdrs",-0.0318757355226168,-0.0447080604516158,-0.0190434105936178,1.12398891901867e-06,1.49865189202489e-06
"2","age","ukbdrs",-0.0251997518100259,-0.0379953208708363,-0.0124041827492154,0.000113397564073823,0.000113397564073823
"3","caide","ukbdrs",-0.20168154431957,-0.231818345221423,-0.171544743417717,2.64979895009309e-39,5.29959790018617e-39
"4","anu","ukbdrs",-0.242971208322995,-0.273949467172265,-0.211992949473725,2.50129428577816e-53,1.00051771431126e-52
