"","model","reference","delta.AUC","lower","upper","p","p_fdr"
"1","DRS","UKBDRS",-0.0276398553594804,-0.0279037142883007,-0.0273759964306601,0,0
"2","Age_only","UKBDRS",-0.028301924472344,-0.0285236802543536,-0.0280801686903345,0,0
"3","CAIDE","UKBDRS",-0.170399285511487,-0.171071129185989,-0.169727441836984,0,0
"4","ANUADRI","ukbdrs_anu",-0.221101781512614,-0.221490374719559,-0.220713188305668,0,0
