"","Model","train","test"
"1",NA,NA,NA
"2","age_only","0.74619 [0.73804,0.75433]","0.75047 [0.73463,0.76631]"
"3","UKBDRS_LASSO","0.76988 [0.76207,0.7777]","0.76942 [0.75409,0.78474]"
"4","UKBDRS_APOE_LASSO","0.80228 [0.79327,0.81129]","0.80324 [0.78642,0.82006]"
"5","UKBDRS_LASSO_sexstratify","0.7694 [0.76158,0.77722]","0.76849 [0.75314,0.78384]"
"6","CAIDE","0.58338 [0.574,0.59276]","0.5902 [0.57192,0.60848]"
"7","DRS","0.74517 [0.73705,0.75329]","0.74523 [0.72923,0.76123]"
"8","ANU_ADRI","0.57493 [0.56505,0.5848]","0.57193 [0.55221,0.59164]"
