"","Model","train","test"
"1",NA,NA,NA
"2","age_only","0.74619 [0.73804,0.75433]","0.75047 [0.73463,0.76631]"
"3","UKBDRS_LASSO","0.76988 [0.76207,0.7777]","0.76942 [0.75409,0.78474]"
"4","CAIDE","0.58338 [0.574,0.59276]","0.5902 [0.57192,0.60848]"
"5","DRS","0.74517 [0.73705,0.75329]","0.74523 [0.72923,0.76123]"
"6","ANU_ADRI","0.57493 [0.56505,0.5848]","0.57193 [0.55221,0.59164]"
