"","model","reference","delta.AUC","lower","upper","p","p_fdr"
"1","DRS","UKBDRS",-0.0271793760236109,-0.0378271119781564,-0.0165316400690653,5.64456245772778e-07,7.52608327697038e-07
"2","Age_only","UKBDRS",-0.0277235561057095,-0.0399968556500768,-0.0154502565613423,9.5434664516147e-06,9.5434664516147e-06
"3","CAIDE","UKBDRS",-0.200204347435217,-0.228966143635129,-0.171442551235305,2.22638037928745e-42,4.45276075857491e-42
"4","ANUADRI","ukbdrs_anu",-0.233177379060465,-0.260612064009818,-0.205742694111111,2.62755844685452e-62,1.05102337874181e-61
