"","model","reference","delta.AUC","lower","upper","p","p_fdr"
"1","DRS","UKBDRS",-0.032845307365177,-0.0465935564465752,-0.0190970582837788,2.83453205576247e-06,3.77937607434997e-06
"2","Age_only","UKBDRS",-0.0261693236525861,-0.0394828305107964,-0.0128558167943758,0.000116894778480056,0.000116894778480056
"3","CAIDE","UKBDRS",-0.20265111616213,-0.233072007291682,-0.172230225032578,5.83865093397141e-39,1.16773018679428e-38
"4","ANUADRI","ukbdrs_anu",-0.24395405376023,-0.274680980957008,-0.213227126563452,1.34026795826996e-54,5.36107183307985e-54
