"","Risk Score 1","Risk Score 2","AUC 1","AUC 2","Z","p","pcorr"
"1","UKBDRS","ANUADRI","0.77","0.57","17.11","1.33161137351125e-65","5.32644549404498e-65"
"2","UKBDRS","CAIDE","0.78","0.66","9.2","3.67591623150537e-20","7.35183246301074e-20"
"3","UKBDRS","DRS","0.77","0.75","5.91","3.44634307219265e-09","4.59512409625686e-09"
"4","ageonly","UKBDRS","0.75","0.77","-4.88","1.05910011792607e-06","1.05910011792607e-06"
