"","Risk Score 1","Risk Score 2","AUC 1","AUC 2","Z","p","pcorr"
"1","UKBDRS","ANUADRI","0.77","0.57","17.47","2.56499462156497e-68","1.02599784862599e-67"
"2","UKBDRS","CAIDE","0.77","0.59","16.29","1.10021109952595e-59","2.20042219905189e-59"
"3","UKBDRS","DRS","0.77","0.75","6.36","1.95725063010227e-10","2.60966750680303e-10"
"4","ageonly","UKBDRS","0.75","0.77","-5.29","1.20865070728255e-07","1.20865070728255e-07"
