"","model","reference","delta.AUC","lower","upper","p","p_fdr"
"1","drs","ukbdrs",-0.0272022549450559,-0.0274648566060827,-0.0269396532840291,0,0
"2","age","ukbdrs",-0.0278643240579195,-0.02808594764505,-0.027642700470789,0,0
"3","caide","ukbdrs",-0.169961685097062,-0.170633405753443,-0.169289964440681,0,0
"4","anu","ukbdrs",-0.220652586708715,-0.221040288788618,-0.220264884628813,0,0
