"","model","AUC","lower","upper"
"1","UKBDRS",0.801006773762241,0.783881093908921,0.818132453615561
"2","DRS",0.77382739773863,0.755231691666923,0.792423103810338
"3","Age_only",0.773283217656532,0.753861912094582,0.792704523218482
"4","CAIDE",0.600802426327024,0.575785112811685,0.625819739842363
"21","ANUADRI",0.567646628083242,0.541242836744132,0.594050419422353
