"","model","AUC","lower","upper"
"1","ukbdrs",0.787859904565037,0.787271303672124,0.788448505457951
"2","drs",0.760657649619981,0.760102660778194,0.761212638461769
"3","age",0.759995580507118,0.759430622155718,0.760560538858517
"4","caide",0.617898219467975,0.617257594831354,0.618538844104595
"21","anu",0.565838113325916,0.565359568895395,0.566316657756437
