"","model","AUC","lower","upper"
"1","ukbdrs",0.796696002553608,0.772904972454237,0.820487032652979
"2","drs",0.764820267030991,0.735603376090319,0.794037157971663
"3","age",0.771496250743582,0.74434327498405,0.798649226503113
"4","caide",0.595014458234038,0.562801392319634,0.627227524148442
"21","anu",0.552446823069583,0.519034254878808,0.585859391260358
