"","model","AUC","lower","upper"
"1","UKBDRS",0.788297504979462,0.787708976035696,0.788886033923227
"2","DRS",0.760657649619981,0.760102660778194,0.761212638461769
"3","Age_only",0.759995580507118,0.759430622155718,0.760560538858517
"4","CAIDE",0.617898219467975,0.617257594831354,0.618538844104595
"21","ANUADRI",0.565838113325916,0.565359568895395,0.566316657756437
