"","model","AUC","lower","upper"
"1","UKBDRS",0.797665574396168,0.77474432078835,0.820586828003986
"2","DRS",0.764820267030991,0.735603376090319,0.794037157971663
"3","Age_only",0.771496250743582,0.74434327498405,0.798649226503113
"4","CAIDE",0.595014458234038,0.562801392319634,0.627227524148442
"21","ANUADRI",0.552446823069583,0.519034254878808,0.585859391260358
