"","term","step","estimate","lambda","dev.ratio"
"1","(Intercept)",1,-5.65371247253176,0.00131989220079657,0.0932970481248376
"2","Diabetes_BIN_FINAL_0_01",1,0.113895405230663,0.00131989220079657,0.0932970481248376
"3","current_history_depression1",1,0.284432769665006,0.00131989220079657,0.0932970481248376
"4","stroke_TIA_BIN_FINAL1",1,0.609985366747961,0.00131989220079657,0.0932970481248376
"5","APOE_genotype_bin1",1,0.575762122977774,0.00131989220079657,0.0932970481248376
"6","Age_when_attended_assesment_centre_0_0",1,0.804962646337023,0.00131989220079657,0.0932970481248376
