"","term","step","estimate","lambda","dev.ratio"
"1","(Intercept)",1,-5.87838369214303,0.0011801768163336,0.108194192073587
"2","Diabetes_BIN_FINAL_0_01",1,0.19087500061239,0.0011801768163336,0.108194192073587
"3","current_history_depression1",1,0.14790176728549,0.0011801768163336,0.108194192073587
"4","stroke_TIA_BIN_FINAL1",1,0.334088829210499,0.0011801768163336,0.108194192073587
"5","APOE_genotype_bin1",1,0.678132396510415,0.0011801768163336,0.108194192073587
"6","Age_when_attended_assesment_centre_0_0",1,0.947598560535622,0.0011801768163336,0.108194192073587
